{
 "alpha": 18.22974967956543,
 "beta": 0.41906195878982544,
 "num_iter": 50,
 "eta": 0.5,
 "alpha_fm": 18.169485092163086,
 "beta_fm": 0.4154079556465149
}